{"mean_squared_error": 5623321.964973925, "mean_absolute_error": 1607.4900470708515}