{"mean_squared_error": 119755.72642568001, "mean_absolute_error": 245.3875953124544}